index,name
1,Background
2,7Networks_LH_Vis_1
3,7Networks_LH_Vis_2
4,7Networks_LH_Vis_3
5,7Networks_LH_Vis_4
6,7Networks_LH_Vis_5
7,7Networks_LH_Vis_6
8,7Networks_LH_Vis_7
9,7Networks_LH_Vis_8
10,7Networks_LH_Vis_9
11,7Networks_LH_Vis_10
12,7Networks_LH_Vis_11
13,7Networks_LH_Vis_12
14,7Networks_LH_Vis_13
15,7Networks_LH_Vis_14
16,7Networks_LH_SomMot_1
17,7Networks_LH_SomMot_2
18,7Networks_LH_SomMot_3
19,7Networks_LH_SomMot_4
20,7Networks_LH_SomMot_5
21,7Networks_LH_SomMot_6
22,7Networks_LH_SomMot_7
23,7Networks_LH_SomMot_8
24,7Networks_LH_SomMot_9
25,7Networks_LH_SomMot_10
26,7Networks_LH_SomMot_11
27,7Networks_LH_SomMot_12
28,7Networks_LH_SomMot_13
29,7Networks_LH_SomMot_14
30,7Networks_LH_SomMot_15
31,7Networks_LH_SomMot_16
32,7Networks_LH_DorsAttn_Post_1
33,7Networks_LH_DorsAttn_Post_2
34,7Networks_LH_DorsAttn_Post_3
35,7Networks_LH_DorsAttn_Post_4
36,7Networks_LH_DorsAttn_Post_5
37,7Networks_LH_DorsAttn_Post_6
38,7Networks_LH_DorsAttn_Post_7
39,7Networks_LH_DorsAttn_Post_8
40,7Networks_LH_DorsAttn_Post_9
41,7Networks_LH_DorsAttn_Post_10
42,7Networks_LH_DorsAttn_FEF_1
43,7Networks_LH_DorsAttn_FEF_2
44,7Networks_LH_DorsAttn_PrCv_1
45,7Networks_LH_SalVentAttn_ParOper_1
46,7Networks_LH_SalVentAttn_ParOper_2
47,7Networks_LH_SalVentAttn_ParOper_3
48,7Networks_LH_SalVentAttn_FrOperIns_1
49,7Networks_LH_SalVentAttn_FrOperIns_2
50,7Networks_LH_SalVentAttn_FrOperIns_3
51,7Networks_LH_SalVentAttn_FrOperIns_4
52,7Networks_LH_SalVentAttn_PFCl_1
53,7Networks_LH_SalVentAttn_Med_1
54,7Networks_LH_SalVentAttn_Med_2
55,7Networks_LH_SalVentAttn_Med_3
56,7Networks_LH_Limbic_OFC_1
57,7Networks_LH_Limbic_OFC_2
58,7Networks_LH_Limbic_TempPole_1
59,7Networks_LH_Limbic_TempPole_2
60,7Networks_LH_Limbic_TempPole_3
61,7Networks_LH_Limbic_TempPole_4
62,7Networks_LH_Cont_Par_1
63,7Networks_LH_Cont_Par_2
64,7Networks_LH_Cont_Par_3
65,7Networks_LH_Cont_Temp_1
66,7Networks_LH_Cont_OFC_1
67,7Networks_LH_Cont_PFCl_1
68,7Networks_LH_Cont_PFCl_2
69,7Networks_LH_Cont_PFCl_3
70,7Networks_LH_Cont_PFCl_4
71,7Networks_LH_Cont_PFCl_5
72,7Networks_LH_Cont_pCun_1
73,7Networks_LH_Cont_Cing_1
74,7Networks_LH_Cont_Cing_2
75,7Networks_LH_Default_Temp_1
76,7Networks_LH_Default_Temp_2
77,7Networks_LH_Default_Temp_3
78,7Networks_LH_Default_Temp_4
79,7Networks_LH_Default_Temp_5
80,7Networks_LH_Default_Par_1
81,7Networks_LH_Default_Par_2
82,7Networks_LH_Default_Par_3
83,7Networks_LH_Default_Par_4
84,7Networks_LH_Default_PFC_1
85,7Networks_LH_Default_PFC_2
86,7Networks_LH_Default_PFC_3
87,7Networks_LH_Default_PFC_4
88,7Networks_LH_Default_PFC_5
89,7Networks_LH_Default_PFC_6
90,7Networks_LH_Default_PFC_7
91,7Networks_LH_Default_PFC_8
92,7Networks_LH_Default_PFC_9
93,7Networks_LH_Default_PFC_10
94,7Networks_LH_Default_PFC_11
95,7Networks_LH_Default_PFC_12
96,7Networks_LH_Default_PFC_13
97,7Networks_LH_Default_pCunPCC_1
98,7Networks_LH_Default_pCunPCC_2
99,7Networks_LH_Default_pCunPCC_3
100,7Networks_LH_Default_pCunPCC_4
101,7Networks_LH_Default_PHC_1
102,7Networks_RH_Vis_1
103,7Networks_RH_Vis_2
104,7Networks_RH_Vis_3
105,7Networks_RH_Vis_4
106,7Networks_RH_Vis_5
107,7Networks_RH_Vis_6
108,7Networks_RH_Vis_7
109,7Networks_RH_Vis_8
110,7Networks_RH_Vis_9
111,7Networks_RH_Vis_10
112,7Networks_RH_Vis_11
113,7Networks_RH_Vis_12
114,7Networks_RH_Vis_13
115,7Networks_RH_Vis_14
116,7Networks_RH_Vis_15
117,7Networks_RH_SomMot_1
118,7Networks_RH_SomMot_2
119,7Networks_RH_SomMot_3
120,7Networks_RH_SomMot_4
121,7Networks_RH_SomMot_5
122,7Networks_RH_SomMot_6
123,7Networks_RH_SomMot_7
124,7Networks_RH_SomMot_8
125,7Networks_RH_SomMot_9
126,7Networks_RH_SomMot_10
127,7Networks_RH_SomMot_11
128,7Networks_RH_SomMot_12
129,7Networks_RH_SomMot_13
130,7Networks_RH_SomMot_14
131,7Networks_RH_SomMot_15
132,7Networks_RH_SomMot_16
133,7Networks_RH_SomMot_17
134,7Networks_RH_SomMot_18
135,7Networks_RH_SomMot_19
136,7Networks_RH_DorsAttn_Post_1
137,7Networks_RH_DorsAttn_Post_2
138,7Networks_RH_DorsAttn_Post_3
139,7Networks_RH_DorsAttn_Post_4
140,7Networks_RH_DorsAttn_Post_5
141,7Networks_RH_DorsAttn_Post_6
142,7Networks_RH_DorsAttn_Post_7
143,7Networks_RH_DorsAttn_Post_8
144,7Networks_RH_DorsAttn_Post_9
145,7Networks_RH_DorsAttn_Post_10
146,7Networks_RH_DorsAttn_FEF_1
147,7Networks_RH_DorsAttn_FEF_2
148,7Networks_RH_DorsAttn_PrCv_1
149,7Networks_RH_SalVentAttn_TempOccPar_1
150,7Networks_RH_SalVentAttn_TempOccPar_2
151,7Networks_RH_SalVentAttn_TempOccPar_3
152,7Networks_RH_SalVentAttn_PrC_1
153,7Networks_RH_SalVentAttn_FrOperIns_1
154,7Networks_RH_SalVentAttn_FrOperIns_2
155,7Networks_RH_SalVentAttn_FrOperIns_3
156,7Networks_RH_SalVentAttn_FrOperIns_4
157,7Networks_RH_SalVentAttn_Med_1
158,7Networks_RH_SalVentAttn_Med_2
159,7Networks_RH_SalVentAttn_Med_3
160,7Networks_RH_Limbic_OFC_1
161,7Networks_RH_Limbic_OFC_2
162,7Networks_RH_Limbic_OFC_3
163,7Networks_RH_Limbic_TempPole_1
164,7Networks_RH_Limbic_TempPole_2
165,7Networks_RH_Limbic_TempPole_3
166,7Networks_RH_Cont_Par_1
167,7Networks_RH_Cont_Par_2
168,7Networks_RH_Cont_Par_3
169,7Networks_RH_Cont_Temp_1
170,7Networks_RH_Cont_PFCv_1
171,7Networks_RH_Cont_PFCl_1
172,7Networks_RH_Cont_PFCl_2
173,7Networks_RH_Cont_PFCl_3
174,7Networks_RH_Cont_PFCl_4
175,7Networks_RH_Cont_PFCl_5
176,7Networks_RH_Cont_PFCl_6
177,7Networks_RH_Cont_PFCl_7
178,7Networks_RH_Cont_pCun_1
179,7Networks_RH_Cont_Cing_1
180,7Networks_RH_Cont_Cing_2
181,7Networks_RH_Cont_PFCmp_1
182,7Networks_RH_Cont_PFCmp_2
183,7Networks_RH_Default_Par_1
184,7Networks_RH_Default_Par_2
185,7Networks_RH_Default_Par_3
186,7Networks_RH_Default_Temp_1
187,7Networks_RH_Default_Temp_2
188,7Networks_RH_Default_Temp_3
189,7Networks_RH_Default_Temp_4
190,7Networks_RH_Default_Temp_5
191,7Networks_RH_Default_PFCv_1
192,7Networks_RH_Default_PFCdPFCm_1
193,7Networks_RH_Default_PFCdPFCm_2
194,7Networks_RH_Default_PFCdPFCm_3
195,7Networks_RH_Default_PFCdPFCm_4
196,7Networks_RH_Default_PFCdPFCm_5
197,7Networks_RH_Default_PFCdPFCm_6
198,7Networks_RH_Default_PFCdPFCm_7
199,7Networks_RH_Default_pCunPCC_1
200,7Networks_RH_Default_pCunPCC_2
201,7Networks_RH_Default_pCunPCC_3
